1358548548908892169,@AlkahrabaCare @MoEnergy_Saudi @SeecSaudi @Saudi_Aramco @taqa_sa @KAUST_NewsAR @KACST ุงุดูุฑูู
1358473139265679360,@AL_HAALEM @MoEnergy_Saudi @SeecSaudi @Saudi_Aramco @taqa_sa @KAUST_NewsAR @KACST ุฃุฎู ุงูุนุฒูุฒ ุฃุจูุณุนูุฏ .. ุชู ุงูุฑุฏ ุนููโฆ https://t.co/lSV6J2u905
1358472484362854412,@AlkahrabaCare @MoEnergy_Saudi @SeecSaudi @Saudi_Aramco @taqa_sa @KAUST_NewsAR @KACST ุชู ูุชุญ .. ุชู ุฅุบูุงู   ูููู ุงุนุฑโฆ https://t.co/PgmjBOjIE4
1358448238228037633,"RT @taqa_sa: ุงุฎุชูุงุฑู ููุณูุงุฑุฉ ุนูู ุงููุณุชูู ุงูุฃุฎุถุฑ ูู ุจุทุงูุฉ ุงูุชุตุงุฏ ุงููููุฏ ูููุฑ ุนููู ุฅูู 55ูชุ ูู ุตุฑููุฉ ุงูุจูุฒูู โฝ

#ุณูุงุฑุชู_ุชูุฒุน_ูู
#ูุชุจููโฉ httpsโฆ"
1358444545428578313,"RT @taqa_sa: ุงุฎุชูุงุฑู ููุณูุงุฑุฉ ุนูู ุงููุณุชูู ุงูุฃุฎุถุฑ ูู ุจุทุงูุฉ ุงูุชุตุงุฏ ุงููููุฏ ูููุฑ ุนููู ุฅูู 55ูชุ ูู ุตุฑููุฉ ุงูุจูุฒูู โฝ

#ุณูุงุฑุชู_ุชูุฒุน_ูู
#ูุชุจููโฉ httpsโฆ"
1358441355933016067,"RT @taqa_sa: ุงุฎุชูุงุฑู ููุณูุงุฑุฉ ุนูู ุงููุณุชูู ุงูุฃุฎุถุฑ ูู ุจุทุงูุฉ ุงูุชุตุงุฏ ุงููููุฏ ูููุฑ ุนููู ุฅูู 55ูชุ ูู ุตุฑููุฉ ุงูุจูุฒูู โฝ

#ุณูุงุฑุชู_ุชูุฒุน_ูู
#ูุชุจููโฉ httpsโฆ"
1358427916191862787,"RT @taqa_sa: ุงุฎุชูุงุฑู ููุณูุงุฑุฉ ุนูู ุงููุณุชูู ุงูุฃุฎุถุฑ ูู ุจุทุงูุฉ ุงูุชุตุงุฏ ุงููููุฏ ูููุฑ ุนููู ุฅูู 55ูชุ ูู ุตุฑููุฉ ุงูุจูุฒูู โฝ

#ุณูุงุฑุชู_ุชูุฒุน_ูู
#ูุชุจููโฉ httpsโฆ"
1358421752423022601,"RT @taqa_sa: ุงุฎุชูุงุฑู ููุณูุงุฑุฉ ุนูู ุงููุณุชูู ุงูุฃุฎุถุฑ ูู ุจุทุงูุฉ ุงูุชุตุงุฏ ุงููููุฏ ูููุฑ ุนููู ุฅูู 55ูชุ ูู ุตุฑููุฉ ุงูุจูุฒูู โฝ

#ุณูุงุฑุชู_ุชูุฒุน_ูู
#ูุชุจููโฉ httpsโฆ"
1358419215464693762,"RT @taqa_sa: ุงุฎุชูุงุฑู ููุณูุงุฑุฉ ุนูู ุงููุณุชูู ุงูุฃุฎุถุฑ ูู ุจุทุงูุฉ ุงูุชุตุงุฏ ุงููููุฏ ูููุฑ ุนููู ุฅูู 55ูชุ ูู ุตุฑููุฉ ุงูุจูุฒูู โฝ

#ุณูุงุฑุชู_ุชูุฒุน_ูู
#ูุชุจููโฉ httpsโฆ"
1358398934243307520,@taqa_sa ูุญุทุฉ ุชูููุฏ ููุฑุจุงุก ุจุงูุทุงูุฉ ุงูุดูุณูุฉ ูุฏุฑุชูุง ูข ูููุงูุงุช ูู ุชุดุบู ูู ูููู ูุฑููู ุณุจูุช ูขูค ูุญุฏุฉ ..
1358388185248788484,"RT @taqa_sa: ุงูุณูุงุฑุฉ ูุง ุชุญุชุงุฌ ุฃูุซุฑ ูู 30 ุซุงููุฉ ููุชุณุฎูู ุญุชู ูู ูุตู ุงูุดุชุงุก.. 
30 ุซุงููุฉ ุชุญุงูุธ ุนูู ุงููููุฏ โฝ๏ธ๐

#ูุชุจูู"
1358325325290229761,@taqa_sa ุณุคุงูู ูู ูข ูููุงูุงุช ุชุดุบู ูู ูููู ูุฑููู ูขูค ูุญุฏุฉ ..
1358323716376170497,"@taqa_sa 0563092288    ููุชูุงุฒู ููุชูุงุฒู
ุฌูุณูุฉ:ุณุฑููุงูููุฉ
ุงูุฏูุงูุฉ:ูุณูู 
ุงูุนูุฑ:  ูฃูง"
1358317363809165312,"RT @taqa_sa: ุงุฎุชูุงุฑู ููุณูุงุฑุฉ ุนูู ุงููุณุชูู ุงูุฃุฎุถุฑ ูู ุจุทุงูุฉ ุงูุชุตุงุฏ ุงููููุฏ ูููุฑ ุนููู ุฅูู 55ูชุ ูู ุตุฑููุฉ ุงูุจูุฒูู โฝ

#ุณูุงุฑุชู_ุชูุฒุน_ูู
#ูุชุจููโฉ httpsโฆ"
1358314375023652875,@taqa_sa ุทูุจ ูุงุฎู ููู ุงุนุฑู ุณูุงุฑุชู ูุงูููุง ุงูููุตู
1358314304802594826,"RT @taqa_sa: ุงุฎุชูุงุฑู ููุณูุงุฑุฉ ุนูู ุงููุณุชูู ุงูุฃุฎุถุฑ ูู ุจุทุงูุฉ ุงูุชุตุงุฏ ุงููููุฏ ูููุฑ ุนููู ุฅูู 55ูชุ ูู ุตุฑููุฉ ุงูุจูุฒูู โฝ

#ุณูุงุฑุชู_ุชูุฒุน_ูู
#ูุชุจููโฉ httpsโฆ"
1358312918987735041,"RT @taqa_sa: ุงุฎุชูุงุฑู ููุณูุงุฑุฉ ุนูู ุงููุณุชูู ุงูุฃุฎุถุฑ ูู ุจุทุงูุฉ ุงูุชุตุงุฏ ุงููููุฏ ูููุฑ ุนููู ุฅูู 55ูชุ ูู ุตุฑููุฉ ุงูุจูุฒูู โฝ

#ุณูุงุฑุชู_ุชูุฒุน_ูู
#ูุชุจููโฉ httpsโฆ"
1358312570164301824,"RT @taqa_sa: ุงุฎุชูุงุฑู ููุณูุงุฑุฉ ุนูู ุงููุณุชูู ุงูุฃุฎุถุฑ ูู ุจุทุงูุฉ ุงูุชุตุงุฏ ุงููููุฏ ูููุฑ ุนููู ุฅูู 55ูชุ ูู ุตุฑููุฉ ุงูุจูุฒูู โฝ

#ุณูุงุฑุชู_ุชูุฒุน_ูู
#ูุชุจููโฉ httpsโฆ"
1358162908585287686,"@AL_HAALEM @MoEnergy_Saudi @SeecSaudi @Saudi_Aramco @taqa_sa @KAUST_NewsAR @KACST ูุนูููู ุงูุณูุงู
ุงูุฃุฎ ุงููุงุถู ุงุจู ุณุนูโฆ https://t.co/CcgfRXRWja"
1358162082542321669,@AlkahrabaCare ุงูุณูุงู ุนูููู ุงุฎู ุงููุฑูู ุชู ุงูุงุนุชุฑุงุถ ูุฌุงุก ููุฏูุจ ุงูุดุฑูู ูุตูุฑ ุงูุนุฏุงุฏ ูุดุงู ุจุนููู ุงูุฎุทุฃ ุงููุงุฏุญ ุจุงููุฑุงุกู ูโฆ https://t.co/AxxMztgdPY
1358075743067140096,"RT @ELECTRIC__PRO: @taqa_sa ุญูุงูู ุงููู .

ูุชุฑุฉ ูุงูุณุชูููู ุงูุณุฎุงู ุงูุนุงุฏู ูู ุณุงุนุฉ ู ูุตู ุณูุงุก ูุชูุงุตูุฉ ุฃู ูุชูุทุนุฉ ุชุนุงุฏู ูุชุฑุฉ ุชุดุบูู ุงูุณุฎุงู ุงูููุฑูโฆ"
1358075640377995265,"RT @ELECTRIC__PRO: @taqa_sa ุงูุณุฎุงู ุงูุนุงุฏู ูุณุชููู ูุงูุง ูุฒูุฏ ุนู 750 ูุงุท ุฃูุง ุงูููุฑู ูู 1000 ูุงุท .

ุงูุณุฎุงู ุงูุนุงุฏู ุฎูุงู 24 ุณุงุนุฉ ุงูุซุฑููุณุชุงุช ุชุดุชุบูโฆ"
1358075129268469764,"RT @taqa_sa: ุงูุณุฎุงู ุงูููุฑู ุฃูุถู ูู ุงูุณุฎุงู ุงูุนุงุฏู ๐๐ผ๐
#ูุชุจูู https://t.co/nW5kZd6zNf"
1358067517042876418,"RT @aladdin2050: ุงูุนูุง ุ ู ูููู ุูุจุนุถ ุญุฏูุซู ุนู ุงูุทุงูุฉ. ูููุง ุฃููุฑ ุงุฌุชูุนุช ูู ูุฐุง ุงูููุงู.

ูุฏ ุจุตุฑู ูุญู ุงูุณูุงุกุ ูุงุณุชุญุถุฑ ุฃูุถู ูุง ูุฏููุ ูุทููู ูุงูโฆ"
1357970890525409282,"RT @aladdin2050: ุงูุนูุง ุ ู ูููู ุูุจุนุถ ุญุฏูุซู ุนู ุงูุทุงูุฉ. ูููุง ุฃููุฑ ุงุฌุชูุนุช ูู ูุฐุง ุงูููุงู.

ูุฏ ุจุตุฑู ูุญู ุงูุณูุงุกุ ูุงุณุชุญุถุฑ ุฃูุถู ูุง ูุฏููุ ูุทููู ูุงูโฆ"
1357935592642908160,@Saudi_ECRA @taqa_sa ุดูุฑุง .. ุงุฐุง ูุตุฑุชูุง .. ุงูุงุฎ ูููู ูุง ุฑุงุญ ููุตุฑ .. ูุฌูุจูุง ูุนูู ูุฌูุจูุง ..
1357852751502467072,"ุงูุนูุง ุ ู ูููู ุูุจุนุถ ุญุฏูุซู ุนู ุงูุทุงูุฉ. ูููุง ุฃููุฑ ุงุฌุชูุนุช ูู ูุฐุง ุงูููุงู.

ูุฏ ุจุตุฑู ูุญู ุงูุณูุงุกุ ูุงุณุชุญุถุฑ ุฃูุถู ูุง ูุฏููุ ูุทโฆ https://t.co/i7lyjn7CHQ"
1357794433522089985,"@innmr2 ูุฑุญุจูุง ุจูุ ููุฏุฑ ุงูุชูุงูู ุจุงูุชุฑุดูุฏ ูููููู ุงูุชูุงุตู ูุน ูุฑูุฒ ููุงุกุฉ ุงูุทุงูุฉ @taqa_sa 
ุฏููุช ุจุฎูุฑ."
1357335700505460736,"RT @taqa_sa: ูุตุงุฆุญ ูุณููููุงุช ุจุณูุทุฉ ุชุณุงุนุฏู ุจุงูุชูููุฑ ูู ุงุณุชููุงู ุงูุบุณุงูุฉ ูุงููุดุงูุฉ ๐

#ุฌูุงุฒู_ููุฒุน_ูู
#ูุชุจูู https://t.co/bkd4LD44Pp"
1356893463900487681,"RT @taqa_sa: ูุฏูู ุชูููุฑูู ุฃูุซุฑ ูู 2000 ุฑูุงู ูู ุชูุงููู ุงูุจูุฒููุ ๐๐ผ
#ูุชุจูู https://t.co/OF6qCCKmrs"
1356484179727417345,"@taqa_sa ุงูุณูุงู ุนูููู
ุงูุด ุงูุถู ููุน ุณุฎุงู ููุฑู"
1356251080699604992,"RT @taqa_sa: ุงูุณูุงุฑุฉ ูุง ุชุญุชุงุฌ ุฃูุซุฑ ูู 30 ุซุงููุฉ ููุชุณุฎูู ุญุชู ูู ูุตู ุงูุดุชุงุก.. 
30 ุซุงููุฉ ุชุญุงูุธ ุนูู ุงููููุฏ โฝ๏ธ๐

#ูุชุจูู"
1356235369424019456,@taqa_sa 30ุซุงููุฉ ุชุฎุชูู ูู ูุฑูุจุฉ ูุฃุฎุฑู ุณูุงุฑุชู ูุซูุง ูู ุฏุฑุฌุฉ ุงูุญุฑุงุฑุฉ 8 ููุฑ ุงูุณูุงุฑุฉ ูุงุฑุถู ูุนูู ุจุงูุดูู ุงูุตุญูุญ ุงูุง ุจุนุฏ ูุฑูุฑ 10ุฏูุงูู
1356230704447819777,@taqa_sa ุญุชู ููุจุฉ ุงูุญุฑุงุฑุฉ ุงูุฒุฑูุงุก ูุงุชุทูู ุจุนุฏ 30 ุซุงููุฉ ุนูู ุงู ุงุณุงุณ ุงุณุชูุฏุช ุนูู ูุฐู ุงููุนูููุฉุ
1356227816736649217,"RT @taqa_sa: ุงูุณูุงุฑุฉ ูุง ุชุญุชุงุฌ ุฃูุซุฑ ูู 30 ุซุงููุฉ ููุชุณุฎูู ุญุชู ูู ูุตู ุงูุดุชุงุก.. 
30 ุซุงููุฉ ุชุญุงูุธ ุนูู ุงููููุฏ โฝ๏ธ๐

#ูุชุจูู"
1356226983265529860,@taqa_sa ูุงููุช ุชุดุฑุญูู ุงูุซุฑ
1356226522588319746,"RT @taqa_sa: ุงูุณูุงุฑุฉ ูุง ุชุญุชุงุฌ ุฃูุซุฑ ูู 30 ุซุงููุฉ ููุชุณุฎูู ุญุชู ูู ูุตู ุงูุดุชุงุก.. 
30 ุซุงููุฉ ุชุญุงูุธ ุนูู ุงููููุฏ โฝ๏ธ๐

#ูุชุจูู"
1356226282607009794,@taqa_sa ูู ูู ุดุฑุญ ุฃูุซุฑ
1356226136460681216,"RT @taqa_sa: ุงูุณูุงุฑุฉ ูุง ุชุญุชุงุฌ ุฃูุซุฑ ูู 30 ุซุงููุฉ ููุชุณุฎูู ุญุชู ูู ูุตู ุงูุดุชุงุก.. 
30 ุซุงููุฉ ุชุญุงูุธ ุนูู ุงููููุฏ โฝ๏ธ๐

#ูุชุจูู"
1356225956688621568,"RT @taqa_sa: ุงูุณูุงุฑุฉ ูุง ุชุญุชุงุฌ ุฃูุซุฑ ูู 30 ุซุงููุฉ ููุชุณุฎูู ุญุชู ูู ูุตู ุงูุดุชุงุก.. 
30 ุซุงููุฉ ุชุญุงูุธ ุนูู ุงููููุฏ โฝ๏ธ๐

#ูุชุจูู"
1356225883179282433,"RT @taqa_sa: ุงูุณูุงุฑุฉ ูุง ุชุญุชุงุฌ ุฃูุซุฑ ูู 30 ุซุงููุฉ ููุชุณุฎูู ุญุชู ูู ูุตู ุงูุดุชุงุก.. 
30 ุซุงููุฉ ุชุญุงูุธ ุนูู ุงููููุฏ โฝ๏ธ๐

#ูุชุจูู"
1355833336787308546,@taqa_sa ุดูุฑุงู ููู ๐
1355777182753292289,@taqa_sa ุงูุณูุงู ุนูููู ุงุฑูุฏ ุงุดุชุฑู ูู ุฌูุงุฒ ููุฑุจุงุฆู ููููุง ููุณ ุงูููุน ุจุณ ุงููุงุช ูุฎุชูู ููุง ุงูุงูุถู ูุงุณุชููุงู ุงูููุฑุจุงุก ูู ููโฆ https://t.co/wfcLFo6Kgk
1355497907244441602,@HashKSA @taqa_sa ุงููู ูุชุง ููุฒู ุงูุจูุฒูู ููุฑุชุงุญ ูููู ุดู ุตุนุจ
1355384192553668615,@taqa_sa ุชูููู ุงุฏุนูููู ุจ ูุงูู ุงู ุฑุชููุช ุงููู ูุฑุฒููู ูุงุฑุจ ูุฐุง ูุฏุฎู ุฑุฒู ููุง https://t.co/sP3ZqdkmDX
